from,to
2,1
2,2
2,3
2,4
4,2
2,6
6,2
2,13
2,14
2,16
2,17
2,20
2,21
2,30
2,31
31,2
2,32
2,33
2,35
35,2
38,2
2,43
43,2
2,44
2,53
2,54
2,55
2,57
2,59
2,60
2,61
2,63
2,64
2,65
2,66
2,68
2,70
70,2
2,71
2,72
2,73
2,77
78,2
79,2
2,81
2,82
82,2
2,86
2,89
2,91
2,92
2,100
2,104
2,105
2,109
109,2
2,114
2,115
2,121
2,123
2,125
2,126
126,2
1,3
2,3
4,3
5,3
6,3
7,3
8,3
9,3
10,3
11,3
12,3
19,3
21,3
22,3
23,3
25,3
26,3
28,3
29,3
30,3
31,3
32,3
34,3
35,3
38,3
39,3
40,3
41,3
42,3
3,43
43,3
44,3
45,3
46,3
47,3
50,3
51,3
52,3
56,3
3,57
3,59
59,3
3,60
60,3
62,3
63,3
64,3
65,3
67,3
68,3
70,3
73,3
75,3
77,3
78,3
79,3
80,3
3,81
3,82
83,3
85,3
87,3
88,3
90,3
91,3
92,3
97,3
98,3
3,100
102,3
103,3
106,3
107,3
3,108
3,109
109,3
110,3
114,3
3,115
115,3
117,3
118,3
119,3
120,3
121,3
123,3
3,124
124,3
3,125
3,126
126,3
127,3
128,3
129,3
130,3
4,4
4,4
4,35
35,4
4,54
4,59
4,60
4,82
4,109
4,115
4,124
127,4
129,4
5,1
5,4
4,5
5,6
6,5
5,7
7,5
5,9
9,5
5,11
11,5
12,5
5,16
16,5
19,5
5,20
20,5
5,21
21,5
5,23
23,5
5,24
24,5
5,25
5,26
26,5
5,28
28,5
29,5
5,30
30,5
5,31
31,5
5,35
35,5
5,38
5,41
41,5
42,5
5,45
45,5
5,46
46,5
5,47
5,48
5,50
50,5
5,51
51,5
53,5
5,57
57,5
58,5
5,59
59,5
5,60
60,5
61,5
5,62
62,5
5,63
63,5
5,64
64,5
5,66
66,5
5,67
67,5
5,68
68,5
5,71
71,5
5,72
72,5
5,73
73,5
75,5
5,76
76,5
5,77
77,5
5,78
78,5
5,79
79,5
5,80
80,5
5,81
5,82
5,83
83,5
5,85
85,5
87,5
5,88
88,5
90,5
5,91
91,5
92,5
97,5
100,5
5,102
102,5
5,103
103,5
105,5
107,5
5,109
109,5
110,5
114,5
115,5
5,116
116,5
5,117
117,5
5,118
118,5
5,119
119,5
123,5
124,5
5,125
125,5
5,126
126,5
127,5
5,128
128,5
129,5
5,130
130,5
6,57
59,6
70,6
82,6
6,97
101,6
104,6
109,6
6,122
126,6
7,4
7,13
7,14
7,16
7,19
7,23
7,29
7,31
7,35
7,57
7,58
7,67
7,71
7,82
7,97
7,102
7,103
103,7
7,107
7,125
2,8
8,4
8,7
8,10
8,15
8,16
8,17
8,19
8,21
8,23
8,29
8,30
8,35
8,43
44,8
8,47
8,57
8,58
8,59
8,60
8,67
8,68
8,72
8,73
8,75
8,78
78,8
8,80
8,82
8,97
8,102
8,103
8,106
8,112
8,115
8,117
8,121
8,123
8,125
8,128
9,2
9,3
9,4
9,5
9,6
9,7
9,10
9,11
9,14
9,15
9,16
9,17
9,21
9,23
9,29
9,30
9,33
9,35
9,43
9,44
44,9
9,57
9,58
9,59
9,60
9,62
9,67
9,68
9,71
9,72
9,73
9,75
9,79
9,80
9,82
9,97
9,100
9,102
9,103
9,106
9,112
9,114
9,115
9,123
9,125
9,126
9,128
9,129
10,1
1,10
10,16
10,20
10,31
10,43
10,57
10,59
10,60
10,68
10,72
10,102
10,103
10,107
10,110
10,115
10,125
11,1
2,11
3,11
11,4
5,11
6,11
7,11
8,11
9,11
10,11
11,11
12,11
11,14
11,16
11,19
19,11
11,20
11,21
23,11
26,11
29,11
11,30
31,11
11,33
34,11
11,35
38,11
11,41
11,42
11,43
43,11
44,11
47,11
11,57
11,58
11,59
11,60
70,11
11,72
11,73
73,11
77,11
78,11
79,11
11,80
11,88
88,11
11,97
102,11
103,11
106,11
112,11
11,115
123,11
11,125
127,11
129,11
1,12
4,12
12,16
19,12
12,20
23,12
26,12
12,30
12,33
12,34
12,35
43,12
12,47
12,50
53,12
57,12
58,12
59,12
60,12
12,64
12,66
12,68
12,72
77,12
78,12
79,12
12,80
12,82
12,92
92,12
97,12
12,104
104,12
12,109
109,12
12,115
12,118
12,123
12,124
12,125
12,126
129,12
13,16
13,21
13,30
13,43
45,13
13,53
13,57
13,58
13,59
13,60
13,63
65,13
13,66
13,68
68,13
13,72
13,82
83,13
88,13
13,92
97,13
13,104
13,115
13,123
13,124
13,125
13,126
14,16
23,14
14,30
14,33
14,43
14,53
14,57
14,58
14,59
14,60
14,63
14,66
14,68
14,72
14,82
14,92
14,105
14,109
14,115
14,123
14,124
14,125
14,126
15,16
15,33
15,43
15,53
15,57
15,58
15,59
15,60
15,63
15,66
15,68
15,72
78,15
79,15
15,82
15,92
15,105
15,109
15,115
15,123
15,124
15,125
15,126
3,16
16,16
16,20
16,30
16,33
35,16
16,43
16,53
16,57
16,58
16,59
16,60
16,63
63,16
16,66
16,68
16,72
77,16
16,82
88,16
91,16
16,92
97,16
16,105
16,109
16,115
16,123
123,16
16,124
16,125
16,126
129,16
17,2
3,17
17,4
17,19
17,23
17,29
17,30
17,38
17,43
44,17
17,57
17,58
17,62
70,17
17,72
17,78
78,17
17,79
79,17
17,83
17,88
17,97
17,102
17,103
17,110
112,17
115,17
17,117
17,123
123,17
17,127
17,129
18,2
18,4
18,19
18,29
18,30
18,38
18,43
18,44
18,47
18,72
18,78
78,18
18,79
79,18
18,83
18,88
18,97
18,102
18,103
18,117
18,127
18,129
19,2
19,4
19,13
19,14
19,16
19,19
19,21
19,23
19,29
19,30
19,37
19,38
19,43
19,44
19,47
19,53
19,57
19,58
19,62
19,68
19,71
19,72
19,78
19,79
19,83
19,88
19,97
19,102
19,103
19,115
19,117
117,19
19,125
126,19
19,127
19,129
20,1
1,20
20,2
20,3
20,4
20,8
20,13
20,16
20,17
20,20
20,21
21,20
22,20
23,20
20,29
20,31
20,32
20,33
20,34
20,36
20,43
48,20
52,20
20,53
20,57
20,58
20,59
20,60
20,61
20,62
20,63
20,64
64,20
20,66
66,20
20,67
67,20
20,68
68,20
20,71
71,20
20,72
20,73
20,75
20,76
20,77
20,78
20,80
20,81
20,82
20,86
20,89
20,90
20,97
97,20
20,99
20,100
100,20
20,104
20,105
20,109
109,20
20,110
20,115
115,20
20,117
20,123
123,20
20,124
20,125
20,126
20,127
20,129
2,21
21,3
21,4
4,21
6,21
7,21
9,21
10,21
11,21
12,21
21,15
21,23
21,97
21,102
21,103
21,104
104,21
109,21
21,122
21,123
21,125
22,15
1,23
23,4
23,21
30,23
31,23
35,23
38,23
43,23
50,23
23,57
23,58
23,59
23,67
23,100
23,115
23,122
23,123
23,125
24,23
24,97
24,100
109,24
24,123
25,4
4,25
25,13
25,14
25,60
25,71
25,78
25,97
26,1
25,26
26,53
26,61
26,66
26,68
26,71
26,85
26,98
26,115
26,125
27,59
27,61
27,66
98,27
27,115
28,16
28,21
21,28
28,53
28,59
28,61
28,66
28,68
28,71
28,73
28,105
28,109
28,115
28,123
28,125
29,1
1,29
25,29
29,53
29,61
29,68
29,71
29,115
29,123
30,1
1,30
30,22
22,30
30,25
30,26
26,30
30,59
30,61
30,68
30,71
30,90
90,30
30,98
98,30
30,109
30,115
30,123
31,1
1,31
31,2
2,31
31,4
4,31
31,5
31,7
31,8
31,16
31,21
31,23
31,29
31,30
31,31
31,31
31,35
35,31
31,38
31,43
31,53
31,57
31,59
31,60
31,62
31,66
31,68
31,71
31,72
31,73
31,77
31,87
31,103
31,106
31,109
31,110
31,115
31,123
123,31
31,124
31,125
31,126
31,128
31,129
32,1
1,32
2,32
32,3
3,32
32,4
4,32
5,32
32,6
6,32
32,7
7,32
8,32
9,32
10,32
11,32
32,12
12,32
32,13
13,32
32,14
14,32
15,32
32,16
16,32
32,17
17,32
18,32
32,19
19,32
32,20
20,32
32,21
21,32
22,32
32,23
23,32
24,32
25,32
26,32
27,32
28,32
29,32
30,32
32,31
31,32
32,32
32,32
32,33
34,32
32,35
32,36
36,32
37,32
38,32
39,32
40,32
41,32
42,32
32,43
43,32
44,32
45,32
46,32
47,32
32,48
48,32
49,32
50,32
32,51
51,32
52,32
32,53
53,32
32,54
54,32
32,55
55,32
56,32
32,57
57,32
32,58
58,32
32,59
59,32
32,60
32,61
32,62
62,32
32,63
63,32
32,64
64,32
32,65
66,32
32,67
67,32
32,68
68,32
69,32
70,32
71,32
32,72
72,32
32,73
73,32
74,32
32,75
75,32
32,76
76,32
32,77
77,32
78,32
79,32
80,32
81,32
32,82
82,32
83,32
84,32
85,32
86,32
87,32
88,32
32,89
89,32
32,90
90,32
32,91
32,92
92,32
93,32
94,32
95,32
96,32
97,32
98,32
32,99
99,32
100,32
32,102
32,103
32,104
104,32
105,32
106,32
32,107
107,32
108,32
32,109
109,32
110,32
111,32
112,32
114,32
32,115
115,32
117,32
118,32
119,32
120,32
32,121
121,32
122,32
32,123
123,32
32,124
124,32
32,125
125,32
32,126
126,32
127,32
32,128
128,32
129,32
130,32
33,4
33,35
33,57
33,60
34,4
4,34
9,34
10,34
11,34
23,34
26,34
34,30
30,34
34,31
31,34
64,34
67,34
71,34
34,73
73,34
78,34
34,80
80,34
34,97
97,34
110,34
34,119
119,34
1,35
4,35
30,35
31,35
35,64
35,66
35,67
35,71
73,35
35,80
35,110
110,35
36,14
36,16
36,17
36,29
36,36
36,43
36,59
36,67
36,68
36,71
36,82
36,104
36,109
36,115
36,117
36,123
36,125
36,126
37,3
37,13
37,14
37,16
37,21
40,37
42,37
37,58
91,37
37,105
38,16
38,43
38,45
38,46
38,57
91,41
42,114
32,43
75,43
129,43
45,9
45,16
45,21
40,45
49,45
45,54
65,45
68,45
91,45
46,54
46,65
46,114
47,4
47,21
47,29
47,31
47,35
47,43
47,63
79,47
47,97
47,115
47,123
48,1
2,48
48,3
48,4
48,14
48,16
48,19
48,21
48,29
48,31
48,35
48,48
48,53
48,57
48,59
48,60
48,61
48,63
48,64
48,66
48,67
48,68
48,71
48,72
48,73
48,77
48,81
83,48
48,85
48,88
48,89
48,90
48,97
48,100
48,107
48,109
48,115
48,118
48,125
48,130
1,49
49,5
49,16
49,17
49,20
49,43
49,48
49,53
49,59
49,63
49,64
49,66
49,68
49,71
49,72
49,75
49,82
49,104
49,109
49,115
49,117
49,123
49,125
49,126
49,127
127,49
49,129
129,49
49,130
50,3
50,9
50,16
50,17
50,20
50,21
50,53
50,54
50,57
50,59
50,60
50,64
50,66
50,68
50,71
78,50
79,50
50,82
50,104
50,109
50,115
50,117
50,123
50,125
50,126
51,3
51,32
41,51
51,59
51,105
51,109
51,114
51,126
52,1
52,21
52,65
52,109
52,114
53,42
53,68
53,91
53,109
54,16
54,21
54,58
54,68
54,109
54,115
54,123
55,1
1,55
55,3
55,4
4,55
55,13
55,16
55,17
55,21
55,29
55,31
31,55
55,32
55,35
55,37
55,43
55,53
55,54
55,57
55,59
55,60
55,61
62,55
55,63
55,64
55,65
55,66
55,68
55,71
55,72
55,73
55,77
78,55
79,55
55,81
55,82
82,55
55,86
55,88
55,89
55,91
55,92
55,100
55,104
55,106
55,109
109,55
55,115
55,123
55,124
124,55
55,125
55,126
126,55
55,128
56,4
56,16
56,21
23,56
56,48
56,57
56,64
56,68
68,56
56,109
57,15
57,37
57,71
57,97
58,13
58,14
58,15
58,16
58,23
58,66
58,67
58,71
58,82
58,97
102,58
103,58
58,115
68,59
89,59
90,59
59,115
59,123
59,124
59,125
1,60
2,60
3,60
60,4
4,60
5,60
6,60
7,60
8,60
9,60
10,60
11,60
12,60
60,13
13,60
60,14
14,60
15,60
16,60
60,17
17,60
18,60
19,60
20,60
60,21
21,60
22,60
23,60
24,60
25,60
60,26
26,60
27,60
28,60
29,60
30,60
31,60
34,60
35,60
36,60
37,60
38,60
40,60
60,43
43,60
48,60
49,60
50,60
52,60
53,60
60,57
57,60
58,60
60,59
59,60
60,60
60,61
63,60
64,60
70,60
72,60
73,60
76,60
77,60
78,60
79,60
80,60
81,60
82,60
83,60
85,60
86,60
89,60
91,60
92,60
93,60
94,60
95,60
97,60
98,60
100,60
102,60
103,60
104,60
105,60
106,60
107,60
108,60
109,60
110,60
112,60
114,60
60,115
115,60
118,60
119,60
120,60
121,60
124,60
125,60
126,60
130,60
61,2
61,15
61,16
61,23
28,61
61,29
61,32
61,33
61,35
61,43
43,61
61,53
61,54
61,57
61,58
61,59
59,61
61,60
61,63
61,65
61,66
61,67
61,68
61,70
70,61
61,71
78,61
79,61
82,61
61,91
61,97
61,100
61,104
61,106
61,109
61,115
61,122
61,124
124,61
61,125
61,126
1,62
62,4
62,15
62,16
62,20
62,21
21,62
62,22
28,62
62,29
31,62
62,35
62,43
43,62
62,57
62,58
62,59
62,67
62,68
62,70
62,71
62,80
62,82
62,97
62,102
102,62
62,103
103,62
62,104
62,105
62,109
62,122
62,124
62,125
63,2
63,3
63,4
63,8
63,13
63,14
63,15
63,16
63,17
63,21
63,23
63,31
37,63
63,38
63,43
63,51
63,53
63,57
63,58
63,59
63,61
63,63
63,68
63,72
63,73
63,76
63,81
63,82
86,63
63,90
63,93
63,99
63,100
63,102
63,105
63,109
63,112
63,115
63,118
63,123
63,124
63,125
63,129
1,64
4,64
5,64
6,64
7,64
8,64
9,64
10,64
11,64
12,64
64,13
13,64
14,64
16,64
64,17
17,64
19,64
20,64
21,64
22,64
23,64
24,64
26,64
27,64
28,64
31,64
34,64
64,35
35,64
64,37
37,64
38,64
40,64
48,64
50,64
56,64
64,57
64,59
59,64
64,60
60,64
64,61
61,64
63,64
64,64
64,66
66,64
68,64
64,71
72,64
73,64
76,64
77,64
80,64
81,64
85,64
86,64
91,64
92,64
93,64
107,64
64,109
110,64
114,64
64,115
115,64
64,117
118,64
119,64
120,64
64,125
130,64
65,1
65,13
65,14
65,16
65,21
65,32
32,65
35,65
43,65
65,46
51,65
54,65
65,57
65,60
65,63
65,84
110,65
66,1
66,2
66,4
66,31
66,43
66,79
97,66
66,123
123,66
67,13
67,14
67,16
30,67
67,43
67,44
67,57
67,59
67,60
67,75
79,67
67,115
67,125
129,67
68,13
68,14
68,16
68,35
68,59
68,60
68,68
68,115
68,125
69,13
69,14
69,15
69,16
69,35
69,57
69,59
69,60
69,70
69,115
69,125
70,4
4,70
70,13
70,16
70,17
70,31
70,35
70,37
70,43
51,70
52,70
70,53
70,57
70,58
60,70
70,64
70,66
70,67
70,68
70,71
70,92
70,115
70,123
70,125
1,71
4,71
71,38
72,38
2,73
3,73
4,73
6,73
7,73
9,73
10,73
11,73
12,73
73,14
73,16
16,73
18,73
19,73
20,73
21,73
23,73
31,73
34,73
37,73
49,73
50,73
73,53
53,73
59,73
63,73
65,73
73,67
68,73
73,73
76,73
77,73
80,73
83,73
86,73
91,73
94,73
95,73
97,73
100,73
102,73
103,73
104,73
105,73
109,73
112,73
114,73
73,115
115,73
116,73
118,73
120,73
124,73
73,125
74,13
75,1
1,75
75,4
4,75
75,13
75,14
16,75
75,17
75,19
20,75
21,75
28,75
75,31
34,75
75,35
75,37
75,48
48,75
51,75
52,75
75,53
75,57
57,75
75,61
75,64
75,66
75,68
70,75
75,71
72,75
75,73
73,75
76,75
75,77
75,81
75,82
75,86
75,88
75,89
75,109
110,75
75,115
75,117
118,75
120,75
75,123
75,125
130,75
1,76
76,3
4,76
7,76
9,76
10,76
12,76
13,76
21,76
23,76
31,76
34,76
35,76
36,76
76,37
42,76
43,76
50,76
76,53
76,54
76,55
63,76
65,76
76,66
76,67
76,68
68,76
73,76
77,76
78,76
79,76
80,76
76,81
76,82
89,76
90,76
76,92
92,76
76,96
97,76
76,100
102,76
103,76
106,76
107,76
76,109
110,76
114,76
76,115
118,76
120,76
76,123
76,126
130,76
77,37
77,60
78,1
78,4
78,13
13,78
78,14
78,17
78,23
78,31
78,35
78,48
78,53
78,61
63,78
78,64
78,66
78,68
68,78
78,71
78,73
76,78
78,77
77,78
92,78
100,78
107,78
109,78
78,115
78,117
120,78
121,78
78,123
78,125
130,78
1,79
79,16
16,79
19,79
28,79
31,79
79,35
79,37
38,79
79,53
63,79
64,79
79,66
79,67
79,68
79,71
83,79
79,89
106,79
108,79
79,109
109,79
114,79
79,115
118,79
125,79
1,80
2,80
3,80
4,80
5,80
6,80
7,80
8,80
9,80
10,80
11,80
12,80
13,80
16,80
17,80
18,80
19,80
20,80
21,80
23,80
25,80
26,80
28,80
30,80
31,80
34,80
35,80
36,80
37,80
38,80
44,80
48,80
50,80
51,80
52,80
53,80
56,80
58,80
59,80
60,80
62,80
63,80
64,80
68,80
80,72
72,80
73,80
76,80
77,80
78,80
80,80
81,80
82,80
83,80
85,80
86,80
89,80
91,80
92,80
94,80
95,80
97,80
98,80
100,80
102,80
103,80
104,80
105,80
106,80
108,80
80,109
109,80
110,80
112,80
114,80
80,115
115,80
118,80
119,80
120,80
121,80
124,80
80,125
125,80
128,80
130,80
7,81
81,8
81,9
81,21
81,29
81,115
129,81
