id,name,when,who
BlockStorage,2,10-14-2025,dcalsola+dcalsola+ncheeran+dmonsche
HostingDB_ProxySQL,3,10-14-2025,dcalsola+amassry
LinodeGoblin,4,10-14-2025,dcalsola
AdminBP,5,10-20-2025,gliberte+amassry+amassry+cpukrops
ArgoCD,6,10-20-2025,madennis+whegedus
KPP,7,10-20-2025,jusemaa
LKE,8,10-20-2025,schinmai, cmcgalli
LKE_E,9,10-20-2025,schinmai
CF_API_billing,10,10-21-2025,kjhawar
API,11,10-21-2025,jsager+amassry
BAPI,12,10-23-2025,sabidi
app_sre,13,10-23-2025,sabidi
app_blockstorage,14,10-23-2025,sabidi
app_k8s,15,10-23-2025,sabidi
app_infra,16,10-23-2025,sabidi
DeveloperExperience,17,10-24-2025,lgarber
Terraform,18,10-24-2025,lgarber
Ansible,19,10-24-2025,lgarber+whegedus
Salt,20,10-24-2025,lgarber+akunte+gmhaske+imalhotr+jchemnad+dpaulus
Loki,21,10-28-2025,madennis+whegedus
o11y_firechief_updater,22,10-28-2025,madennis+whegedus
PrometheusAlertMgr,23,10-28-2025,madennis+mbishop
VictoriaMetrics,24,10-28-2025,madennis
AkamaiCloudPulse,25,10-28-2025,apetriv
BoxOffice,26,10-28-2025,nidillon
blackboxes,27,10-28-2025,nidillon
CommunitySite,28,10-28-2025,nidillon
Maileater,29,10-28-2025,nidillon
NoMS,30,10-28-2025,nidillon
DBaaS,31,10-28-2025,mnabhan+anikoo+dperciva
ComputeCore,32,10-28-2025,amassry+acourdav+sbhargav+avarghes+bgnam
Lish_etc,33,10-28-2025,amassry
LinodeLogin,34,10-28-2025,apilakat
SUDS,35,10-28-2025,apilakat
FleetDM,36,11-4-2025 ,spoduri
Comet,37,11-4-2025 ,tpaler
Cometlab,38,11-4-2025 ,tpaler
DhcpUnnumbered,39,11-4-2025 ,tpaler
RadUnumbered,40,11-4-2025 ,tpaler
Dhcp6Unnumbered,41,11-4-2025 ,tpaler
FRR,42,11-4-2025 ,tpaler
FRR_Reloader,43,11-4-2025 ,tpaler
IngressHosts,44,11-4-2025 ,tpaler
RouteServers,45,11-4-2025 ,tpaler
ELFServices,46,11-4-2025 ,tpaler
app_nlb,47,11-4-2025 ,agottepu
Longview,48,11-5-2025 ,kmuddapo
app_cloud_net_api,49,11-5-2025 ,shassen
NodeBalancer,50,11-5-2025 ,rrusin
DDoSRouters,51,11-5-2025 ,tpaler+britchey@gmail.com
DDoSAlertingandMitigation,52,11-5-2025 ,britchey+britchey
SmartwallTDDSystems,53,11-5-2025 ,britchey
GeoIP,54,11-5-2025 ,djustice
ObjectStorageGen1,55,11-5-2025 ,dmonsche
Atlantis,56,11-5-2025 ,dpaulus
Grafana,57,11-5-2025 ,whegedus
OpenTelemetry,58,11-5-2025 ,whegedus
Github_and_bits,59,11-6-2025 ,vgabda
Jumpboxes,60,11-6-2025 ,mwasim+jfrederi
ObjectStorageGen2,61,11-6-2025 ,faraucas
ObjectStorageAPI,62,11-6-2025 ,faraucas
app_dbaas,63,11-6-2025 ,aoneill+imalhotr
Ingen,64,11-7-2025 ,cpukrops+ppranav
NAIS,65,11-7-2025 ,bruss
CloudFirewall,66,11-13-2025,maalvare
MetadataBackups,67,11-13-2025,myakan+kminnig
Backups,68,11-13-2025,kminnig
ImageService,69,11-13-2025,kminnig
Consul_ServiceMesh,70,11-13-2025,ppranav+skadam
VMAllocator,71,11-14-2025,tkrzyzan
FleetManager,72,11-14-2025,tkrzyzan
AptCachers,73,11-14-2025,skadam+jfrederi
AptRepo,74,11-14-2025,skadam
OutboundMail,75,11-14-2025,avarghes+oebert
ManagementResolvers,76,11-14-2025,aoneill+avarghes
AuthorativeNameservers,77,11-14-2025,aoneill
Mirrors,78,11-14-2025,oebert
NTP,79,11-14-2025,dabennet
InternalCA_SSL,80,11-14-2025,dabennet
VPC,81,11-18-2025,ugaikwad
